SMILES,InChI,InChIKey,INPUT,FOUND_BY,DTXSID,PREFERRED_NAME,CASRN,INCHIKEY,IUPAC_NAME,INCHI_STRING,MOLECULAR_FORMULA,AVERAGE_MASS,MONOISOTOPIC_MASS,MOL_FILE,Source_SDF_File
CC(C)(C1=CC=C(O)C=C1)C1=CC=C(O)C=C1,"InChI=1S/C15H16O2/c1-15(2,11-3-7-13(16)8-4-11)12-5-9-14(17)10-6-12/h3-10,16-17H,1-2H3",IISBACLAFKSPIT-UHFFFAOYSA-N,DTXSID7020182,DSSTox_Substance_Id,DTXSID7020182,Bisphenol A,80-05-7,IISBACLAFKSPIT-UHFFFAOYSA-N,"4,4'-(Propane-2,2-diyl)diphenol","InChI=1S/C15H16O2/c1-15(2,11-3-7-13(16)8-4-11)12-5-9-14(17)10-6-12/h3-10,16-17H,1-2H3",C15H16O2,228.291,228.115029755,MOL_FILE,NVS_NR_bER-ESR1.sdf
[Na+].CCCCCCCCCCCCCOS([O-])(=O)=O,"InChI=1S/C13H28O4S.Na/c1-2-3-4-5-6-7-8-9-10-11-12-13-17-18(14,15)16;/h2-13H2,1H3,(H,14,15,16);/q;+1/p-1",HQCFDOOSGDZRII-UHFFFAOYSA-M,DTXSID4042418,DSSTox_Substance_Id,DTXSID4042418,Sodium tridecyl sulfate,3026-63-9,HQCFDOOSGDZRII-UHFFFAOYSA-M,Sodium tridecyl sulfate,"InChI=1S/C13H28O4S.Na/c1-2-3-4-5-6-7-8-9-10-11-12-13-17-18(14,15)16;/h2-13H2,1H3,(H,14,15,16);/q;+1/p-1",C13H27NaO4S,302.4,302.1527748,MOL_FILE,NVS_NR_bER-ESR1.sdf
CC(C)(C)C1CCC(=O)CC1,"InChI=1S/C10H18O/c1-10(2,3)8-4-6-9(11)7-5-8/h8H,4-7H2,1-3H3",YKFKEYKJGVSEIX-UHFFFAOYSA-N,DTXSID7044394,DSSTox_Substance_Id,DTXSID7044394,4-tert-Butylcyclohexanone,98-53-3,YKFKEYKJGVSEIX-UHFFFAOYSA-N,4-tert-Butylcyclohexan-1-one,"InChI=1S/C10H18O/c1-10(2,3)8-4-6-9(11)7-5-8/h8H,4-7H2,1-3H3",C10H18O,154.253,154.1357652,MOL_FILE,NVS_NR_bER-ESR1.sdf
CCC(=C(C1=CC=C(O)C=C1)C1=CC=C(OCCN(C)C)C=C1)C1=CC=CC=C1,"InChI=1S/C26H29NO2/c1-4-25(20-8-6-5-7-9-20)26(21-10-14-23(28)15-11-21)22-12-16-24(17-13-22)29-19-18-27(2)3/h5-17,28H,4,18-19H2,1-3H3",TXUZVZSFRXZGTL-UHFFFAOYSA-N,DTXSID3037094,DSSTox_Substance_Id,DTXSID3037094,4-Hydroxytamoxifen,68392-35-8,TXUZVZSFRXZGTL-UHFFFAOYSA-N,4-(1-{4-[2-(Dimethylamino)ethoxy]phenyl}-2-phenylbut-1-en-1-yl)phenol,"InChI=1S/C26H29NO2/c1-4-25(20-8-6-5-7-9-20)26(21-10-14-23(28)15-11-21)22-12-16-24(17-13-22)29-19-18-27(2)3/h5-17,28H,4,18-19H2,1-3H3",C26H29NO2,387.523,387.219829178,MOL_FILE,NVS_NR_bER-ESR1.sdf
CCCCCCCCOC(=O)C1=CC(O)=C(O)C(O)=C1,"InChI=1S/C15H22O5/c1-2-3-4-5-6-7-8-20-15(19)11-9-12(16)14(18)13(17)10-11/h9-10,16-18H,2-8H2,1H3",NRPKURNSADTHLJ-UHFFFAOYSA-N,DTXSID4040713,DSSTox_Substance_Id,DTXSID4040713,Octyl gallate,1034-01-1,NRPKURNSADTHLJ-UHFFFAOYSA-N,"Octyl 3,4,5-trihydroxybenzoate","InChI=1S/C15H22O5/c1-2-3-4-5-6-7-8-20-15(19)11-9-12(16)14(18)13(17)10-11/h9-10,16-18H,2-8H2,1H3",C15H22O5,282.336,282.146723808,MOL_FILE,NVS_NR_bER-ESR1.sdf
[H][C@@]12CC[C@@H](O)[C@@]1(C)CC[C@]1([H])C3=C(CC[C@@]21[H])C=C(O)C=C3,"InChI=1S/C18H24O2/c1-18-9-8-14-13-5-3-12(19)10-11(13)2-4-15(14)16(18)6-7-17(18)20/h3,5,10,14-17,19-20H,2,4,6-9H2,1H3/t14-,15-,16+,17-,18+/m1/s1",VOXZDWNPVJITMN-SFFUCWETSA-N,DTXSID8022377,DSSTox_Substance_Id,DTXSID8022377,17alpha-Estradiol,57-91-0,VOXZDWNPVJITMN-SFFUCWETSA-N,"Estra-1,3,5(10)-triene-3,17alpha-diol","InChI=1S/C18H24O2/c1-18-9-8-14-13-5-3-12(19)10-11(13)2-4-15(14)16(18)6-7-17(18)20/h3,5,10,14-17,19-20H,2,4,6-9H2,1H3/t14-,15-,16+,17-,18+/m1/s1",C18H24O2,272.388,272.177630013,MOL_FILE,NVS_NR_bER-ESR1.sdf
[Cl-].CCNC1=CC2=[O+]C3=C(C=C(C)C(NCC)=C3)C(=C2C=C1C)C1=C(C=CC=C1)C(=O)OCC,"InChI=1S/C28H31N2O3.ClH/c1-6-29-23-15-25-21(13-17(23)4)27(19-11-9-10-12-20(19)28(31)32-8-3)22-14-18(5)24(30-7-2)16-26(22)33-25;/h9-16,29-30H,6-8H2,1-5H3;1H/q+1;/p-1",XFKVYXCRNATCOO-UHFFFAOYSA-M,DTXSID1021243,DSSTox_Substance_Id,DTXSID1021243,Rhodamine 6G,989-38-8,XFKVYXCRNATCOO-UHFFFAOYSA-M,"9-[2-(Ethoxycarbonyl)phenyl]-3,6-bis(ethylamino)-2,7-dimethylxanthen-10-ium chloride","InChI=1S/C28H31N2O3.ClH/c1-6-29-23-15-25-21(13-17(23)4)27(19-11-9-10-12-20(19)28(31)32-8-3)22-14-18(5)24(30-7-2)16-26(22)33-25;/h9-16,29-30H,6-8H2,1-5H3;1H/q+1;/p-1",C28H31ClN2O3,479.02,478.2023206,MOL_FILE,NVS_NR_bER-ESR1.sdf
[H][C@@]12CC[C@@](O)(C#C)[C@@]1(C)CC[C@]1([H])[C@@]3([H])CCCC=C3CC[C@@]21[H],"InChI=1S/C20H28O/c1-3-20(21)13-11-18-17-9-8-14-6-4-5-7-15(14)16(17)10-12-19(18,20)2/h1,6,15-18,21H,4-5,7-13H2,2H3/t15-,16+,17+,18-,19-,20-/m0/s1",YNVGQYHLRCDXFQ-XGXHKTLJSA-N,DTXSID4021478,DSSTox_Substance_Id,DTXSID4021478,Lynestrenol,52-76-6,YNVGQYHLRCDXFQ-XGXHKTLJSA-N,17alpha-19-Norpregn-4-en-20-yn-17-ol,"InChI=1S/C20H28O/c1-3-20(21)13-11-18-17-9-8-14-6-4-5-7-15(14)16(17)10-12-19(18,20)2/h1,6,15-18,21H,4-5,7-13H2,2H3/t15-,16+,17+,18-,19-,20-/m0/s1",C20H28O,284.443,284.214015522,MOL_FILE,NVS_NR_bER-ESR1.sdf
[H][C@@]12CC[C@H](O)[C@@]1(C)CC[C@]1([H])C3=C(C[C@@H](CCCCCCCCCS(=O)CCCC(F)(F)C(F)(F)F)[C@@]21[H])C=C(O)C=C3,"InChI=1S/C32H47F5O3S/c1-30-17-15-26-25-12-11-24(38)21-23(25)20-22(29(26)27(30)13-14-28(30)39)10-7-5-3-2-4-6-8-18-41(40)19-9-16-31(33,34)32(35,36)37/h11-12,21-22,26-29,38-39H,2-10,13-20H2,1H3/t22-,26-,27+,28+,29-,30+,41?/m1/s1",VWUXBMIQPBEWFH-WCCTWKNTSA-N,DTXSID4022369,DSSTox_Substance_Id,DTXSID4022369,Fulvestrant,129453-61-8,VWUXBMIQPBEWFH-WCCTWKNTSA-N,"7alpha-[9-(4,4,5,5,5-Pentafluoropentane-1-sulfinyl)nonyl]estra-1,3,5(10)-triene-3,17beta-diol","InChI=1S/C32H47F5O3S/c1-30-17-15-26-25-12-11-24(38)21-23(25)20-22(29(26)27(30)13-14-28(30)39)10-7-5-3-2-4-6-8-18-41(40)19-9-16-31(33,34)32(35,36)37/h11-12,21-22,26-29,38-39H,2-10,13-20H2,1H3/t22-,26-,27+,28+,29-,30+,41?/m1/s1",C32H47F5O3S,606.78,606.316607362,MOL_FILE,NVS_NR_bER-ESR1.sdf
CCCCCCCOC(=O)C1=CC=C(O)C=C1,"InChI=1S/C14H20O3/c1-2-3-4-5-6-11-17-14(16)12-7-9-13(15)10-8-12/h7-10,15H,2-6,11H2,1H3",ZTJORNVITHUQJA-UHFFFAOYSA-N,DTXSID4022523,DSSTox_Substance_Id,DTXSID4022523,Heptyl p-hydroxybenzoate,1085-12-7,ZTJORNVITHUQJA-UHFFFAOYSA-N,Heptyl 4-hydroxybenzoate,"InChI=1S/C14H20O3/c1-2-3-4-5-6-11-17-14(16)12-7-9-13(15)10-8-12/h7-10,15H,2-6,11H2,1H3",C14H20O3,236.311,236.141244504,MOL_FILE,NVS_NR_bER-ESR1.sdf
CCCCC(CC)COC(=O)C1=CC=C(O)C=C1,"InChI=1S/C15H22O3/c1-3-5-6-12(4-2)11-18-15(17)13-7-9-14(16)10-8-13/h7-10,12,16H,3-6,11H2,1-2H3",VTIMKVIDORQQFA-UHFFFAOYSA-N,DTXSID4022525,DSSTox_Substance_Id,DTXSID4022525,2-Ethylhexyl p-hydroxybenzoate,5153-25-3,VTIMKVIDORQQFA-UHFFFAOYSA-N,2-Ethylhexyl 4-hydroxybenzoate,"InChI=1/C15H22O3/c1-3-5-6-12(4-2)11-18-15(17)13-7-9-14(16)10-8-13/h7-10,12,16H,3-6,11H2,1-2H3",C15H22O3,250.338,250.156894568,MOL_FILE,NVS_NR_bER-ESR1.sdf
CN1C(=O)N(CC2=CN=C(NC3=CC4=C(OC(CO)CO4)C=C3)N=C12)C1=CC=CC=C1Br,"InChI=1S/C22H20BrN5O4/c1-27-20-13(10-28(22(27)30)17-5-3-2-4-16(17)23)9-24-21(26-20)25-14-6-7-18-19(8-14)31-12-15(11-29)32-18/h2-9,15,29H,10-12H2,1H3,(H,24,25,26)",KCIDXSZMKJKCSV-UHFFFAOYSA-N,DTXSID4048519,DSSTox_Substance_Id,DTXSID4048519,PharmaGSID_48519,686756-87-6,KCIDXSZMKJKCSV-UHFFFAOYSA-N,"3-(2-Bromophenyl)-7-{[2-(hydroxymethyl)-2,3-dihydro-1,4-benzodioxin-6-yl]amino}-1-methyl-3,4-dihydropyrimido[4,5-d]pyrimidin-2(1H)-one","InChI=1/C22H20BrN5O4/c1-27-20-13(10-28(22(27)30)17-5-3-2-4-16(17)23)9-24-21(26-20)25-14-6-7-18-19(8-14)31-12-15(11-29)32-18/h2-9,15,29H,10-12H2,1H3,(H,24,25,26)",C22H20BrN5O4,498.337,497.069867,MOL_FILE,NVS_NR_bER-ESR1.sdf
CCC(C)(C1=CC=C(O)C=C1)C1=CC=C(O)C=C1,"InChI=1S/C16H18O2/c1-3-16(2,12-4-8-14(17)9-5-12)13-6-10-15(18)11-7-13/h4-11,17-18H,3H2,1-2H3",HTVITOHKHWFJKO-UHFFFAOYSA-N,DTXSID4022442,DSSTox_Substance_Id,DTXSID4022442,Bisphenol B,77-40-7,HTVITOHKHWFJKO-UHFFFAOYSA-N,"4,4'-(Butane-2,2-diyl)diphenol","InChI=1S/C16H18O2/c1-3-16(2,12-4-8-14(17)9-5-12)13-6-10-15(18)11-7-13/h4-11,17-18H,3H2,1-2H3",C16H18O2,242.318,242.13067982,MOL_FILE,NVS_NR_bER-ESR1.sdf
O=C1CCC(CC1)C1CCCCC1,"InChI=1S/C12H20O/c13-12-8-6-11(7-9-12)10-4-2-1-3-5-10/h10-11H,1-9H2",JLYNSPSTPQAEAX-UHFFFAOYSA-N,DTXSID8040721,DSSTox_Substance_Id,DTXSID8040721,4-Cyclohexylcyclohexanone,92-68-2,JLYNSPSTPQAEAX-UHFFFAOYSA-N,"[1,1'-Bi(cyclohexan)]-4-one","InChI=1S/C12H20O/c13-12-8-6-11(7-9-12)10-4-2-1-3-5-10/h10-11H,1-9H2",C12H20O,180.291,180.151415264,MOL_FILE,NVS_NR_bER-ESR1.sdf
CCC(COC(=O)C=C)(COC(=O)C=C)COC(=O)C=C,"InChI=1S/C15H20O6/c1-5-12(16)19-9-15(8-4,10-20-13(17)6-2)11-21-14(18)7-3/h5-7H,1-3,8-11H2,4H3",DAKWPKUUDNSNPN-UHFFFAOYSA-N,DTXSID0027773,DSSTox_Substance_Id,DTXSID0027773,Trimethylolpropane triacrylate,15625-89-5,DAKWPKUUDNSNPN-UHFFFAOYSA-N,"2,2-Bis{[(prop-2-enoyl)oxy]methyl}butyl prop-2-enoate","InChI=1S/C15H20O6/c1-5-12(16)19-9-15(8-4,10-20-13(17)6-2)11-21-14(18)7-3/h5-7H,1-3,8-11H2,4H3",C15H20O6,296.319,296.125988364,MOL_FILE,NVS_NR_bER-ESR1.sdf
COP(=S)(NC(C)C)OC1=C(C=C(C)C=C1)[N+]([O-])=O,"InChI=1S/C11H17N2O4PS/c1-8(2)12-18(19,16-4)17-11-6-5-9(3)7-10(11)13(14)15/h5-8H,1-4H3,(H,12,19)",VHEWQRWLIDWRMR-UHFFFAOYSA-N,DTXSID4041600,DSSTox_Substance_Id,DTXSID4041600,Amiprofos-methyl,36001-88-4,VHEWQRWLIDWRMR-UHFFFAOYSA-N,O-Methyl O-(4-methyl-2-nitrophenyl) N-propan-2-ylphosphoramidothioate,"InChI=1/C11H17N2O4PS/c1-8(2)12-18(19,16-4)17-11-6-5-9(3)7-10(11)13(14)15/h5-8H,1-4H3,(H,12,19)",C11H17N2O4PS,304.3,304.064665207,MOL_FILE,NVS_NR_bER-ESR1.sdf
N/A,,,DTXSID5029055,DSSTox_Substance_Id,DTXSID5029055,"4-Nonylphenol, branched",84852-15-3,N/A,N/A,N/A,N/A,N/A,N/A,MOL_FILE,NVS_NR_bER-ESR1.sdf
[H][C@@]12CCC(=O)[C@@]1(C)CC[C@]1([H])C3=C(CC[C@@]21[H])C=C(O)C=C3,"InChI=1S/C18H22O2/c1-18-9-8-14-13-5-3-12(19)10-11(13)2-4-15(14)16(18)6-7-17(18)20/h3,5,10,14-16,19H,2,4,6-9H2,1H3/t14-,15-,16+,18+/m1/s1",DNXHEGUUPJUMQT-CBZIJGRNSA-N,DTXSID4022367,DSSTox_Substance_Id,DTXSID4022367,Estrone,53-16-7,DNXHEGUUPJUMQT-CBZIJGRNSA-N,"3-Hydroxyestra-1,3,5(10)-trien-17-one","InChI=1S/C18H22O2/c1-18-9-8-14-13-5-3-12(19)10-11(13)2-4-15(14)16(18)6-7-17(18)20/h3,5,10,14-16,19H,2,4,6-9H2,1H3/t14-,15-,16+,18+/m1/s1",C18H22O2,270.372,270.161979948,MOL_FILE,NVS_NR_bER-ESR1.sdf
O=P(OC1=CC=CC=C1)OC1=CC=CC=C1,"InChI=1S/C12H11O3P/c13-16(14-11-7-3-1-4-8-11)15-12-9-5-2-6-10-12/h1-10,16H",OGBPILLJZSJJRC-UHFFFAOYSA-N,DTXSID7041889,DSSTox_Substance_Id,DTXSID7041889,Diphenyl phosphite,4712-55-4,OGBPILLJZSJJRC-UHFFFAOYSA-N,Diphenyl phosphonate,"InChI=1S/C12H11O3P/c13-16(14-11-7-3-1-4-8-11)15-12-9-5-2-6-10-12/h1-10,16H",C12H11O3P,234.191,234.044581212,MOL_FILE,NVS_NR_bER-ESR1.sdf
CC[C@@H]([C@@H](CC)C1=CC=C(O)C=C1)C1=CC=C(O)C=C1,"InChI=1S/C18H22O2/c1-3-17(13-5-9-15(19)10-6-13)18(4-2)14-7-11-16(20)12-8-14/h5-12,17-20H,3-4H2,1-2H3/t17-,18+",PBBGSZCBWVPOOL-HDICACEKSA-N,DTXSID2022381,DSSTox_Substance_Id,DTXSID2022381,Hexestrol,84-16-2,PBBGSZCBWVPOOL-HDICACEKSA-N,"4,4'-[(3R,4S)-Hexane-3,4-diyl]diphenol","InChI=1S/C18H22O2/c1-3-17(13-5-9-15(19)10-6-13)18(4-2)14-7-11-16(20)12-8-14/h5-12,17-20H,3-4H2,1-2H3/t17-,18+",C18H22O2,270.372,270.161979948,MOL_FILE,NVS_NR_bER-ESR1.sdf
O[N+]([O-])=O.ClC1=CC=C(COC(CN2C=CN=C2)C2=C(Cl)C=C(Cl)C=C2)C=C1,"InChI=1S/C18H15Cl3N2O.HNO3/c19-14-3-1-13(2-4-14)11-24-18(10-23-8-7-22-12-23)16-6-5-15(20)9-17(16)21;2-1(3)4/h1-9,12,18H,10-11H2;(H,2,3,4)",DDXORDQKGIZAME-UHFFFAOYSA-N,DTXSID6025226,DSSTox_Substance_Id,DTXSID6025226,Econazole nitrate,24169-02-6,DDXORDQKGIZAME-UHFFFAOYSA-N,"Nitric acid--1-{2-[(4-chlorophenyl)methoxy]-2-(2,4-dichlorophenyl)ethyl}-1H-imidazole (1/1)","InChI=1/C18H15Cl3N2O.HNO3/c19-14-3-1-13(2-4-14)11-24-18(10-23-8-7-22-12-23)16-6-5-15(20)9-17(16)21;2-1(3)4/h1-9,12,18H,10-11H2;(H,2,3,4)",C18H16Cl3N3O4,444.69,443.0206391,MOL_FILE,NVS_NR_bER-ESR1.sdf
OC1=CC=C(C=C1)C1=COC2=C(C(O)=CC(O)=C2)C1=O,"InChI=1S/C15H10O5/c16-9-3-1-8(2-4-9)11-7-20-13-6-10(17)5-12(18)14(13)15(11)19/h1-7,16-18H",TZBJGXHYKVUXJN-UHFFFAOYSA-N,DTXSID5022308,DSSTox_Substance_Id,DTXSID5022308,Genistein,446-72-0,TZBJGXHYKVUXJN-UHFFFAOYSA-N,"5,7-Dihydroxy-3-(4-hydroxyphenyl)-4H-1-benzopyran-4-one","InChI=1S/C15H10O5/c16-9-3-1-8(2-4-9)11-7-20-13-6-10(17)5-12(18)14(13)15(11)19/h1-7,16-18H",C15H10O5,270.24,270.052823422,MOL_FILE,NVS_NR_bER-ESR1.sdf
N/A,,,DTXSID6027923,DSSTox_Substance_Id,DTXSID6027923,Dodecylbenzenesulfonic acid,27176-87-0,N/A,N/A,InChI=1S//,N/A,0.0,0.0,MOL_FILE,NVS_NR_bER-ESR1.sdf
NC(=O)N1C(=O)C(C(=O)C2=CC(Cl)=CS2)C2=C1C=C(Cl)C(F)=C2,"InChI=1S/C14H7Cl2FN2O3S/c15-5-1-10(23-4-5)12(20)11-6-2-8(17)7(16)3-9(6)19(13(11)21)14(18)22/h1-4,11H,(H2,18,22)",TVBUSVDXSSKDSK-UHFFFAOYSA-N,DTXSID7047304,DSSTox_Substance_Id,DTXSID7047304,CP-100829,135080-03-4,TVBUSVDXSSKDSK-UHFFFAOYSA-N,"6-Chloro-3-(4-chlorothiophene-2-carbonyl)-5-fluoro-2-oxo-2,3-dihydro-1H-indole-1-carboxamide","InChI=1/C14H7Cl2FN2O3S/c15-5-1-10(23-4-5)12(20)11-6-2-8(17)7(16)3-9(6)19(13(11)21)14(18)22/h1-4,11H,(H2,18,22)",C14H7Cl2FN2O3S,373.18,371.9538468,MOL_FILE,NVS_NR_bER-ESR1.sdf
OC1=CC2=C(C=C1)C1=C(C2)C=CC=C1,"InChI=1S/C13H10O/c14-11-5-6-13-10(8-11)7-9-3-1-2-4-12(9)13/h1-6,8,14H,7H2",ZDOIAPGLORMKTR-UHFFFAOYSA-N,DTXSID2047569,DSSTox_Substance_Id,DTXSID2047569,2-Hydroxyfluorene,2443-58-5,ZDOIAPGLORMKTR-UHFFFAOYSA-N,9H-Fluoren-2-ol,"InChI=1S/C13H10O/c14-11-5-6-13-10(8-11)7-9-3-1-2-4-12(9)13/h1-6,8,14H,7H2",C13H10O,182.222,182.073164942,MOL_FILE,NVS_NR_bER-ESR1.sdf
CC(C)CC(C)(C1=CC=C(O)C=C1)C1=CC=C(O)C=C1,"InChI=1S/C18H22O2/c1-13(2)12-18(3,14-4-8-16(19)9-5-14)15-6-10-17(20)11-7-15/h4-11,13,19-20H,12H2,1-3H3",VHLLJTHDWPAQEM-UHFFFAOYSA-N,DTXSID8029282,DSSTox_Substance_Id,DTXSID8029282,"4,4'-(4-Methylpentane-2,2-diyl)diphenol",6807-17-6,VHLLJTHDWPAQEM-UHFFFAOYSA-N,"4,4'-(4-Methylpentane-2,2-diyl)diphenol","InChI=1S/C18H22O2/c1-13(2)12-18(3,14-4-8-16(19)9-5-14)15-6-10-17(20)11-7-15/h4-11,13,19-20H,12H2,1-3H3",C18H22O2,270.372,270.161979948,MOL_FILE,NVS_NR_bER-ESR1.sdf
CCC(=O)OC1=CC=C(C=C1)C(\CC)=C(/CC)C1=CC=C(OC(=O)CC)C=C1,"InChI=1S/C24H28O4/c1-5-21(17-9-13-19(14-10-17)27-23(25)7-3)22(6-2)18-11-15-20(16-12-18)28-24(26)8-4/h9-16H,5-8H2,1-4H3/b22-21+",VZMLEMYJUIIHNF-QURGRASLSA-N,DTXSID7047146,DSSTox_Substance_Id,DTXSID7047146,Diethylstilbestrol dipropionate,130-80-3,VZMLEMYJUIIHNF-QURGRASLSA-N,"[(3E)-Hex-3-ene-3,4-diyl]di(4,1-phenylene) dipropanoate","InChI=1S/C24H28O4/c1-5-21(17-9-13-19(14-10-17)27-23(25)7-3)22(6-2)18-11-15-20(16-12-18)28-24(26)8-4/h9-16H,5-8H2,1-4H3/b22-21+",C24H28O4,380.484,380.198759382,MOL_FILE,NVS_NR_bER-ESR1.sdf
OC1=CC=C(Cl)C=C1,"InChI=1S/C6H5ClO/c7-5-1-3-6(8)4-2-5/h1-4,8H",WXNZTHHGJRFXKQ-UHFFFAOYSA-N,DTXSID1021871,DSSTox_Substance_Id,DTXSID1021871,4-Chlorophenol,106-48-9,WXNZTHHGJRFXKQ-UHFFFAOYSA-N,4-Chlorophenol,"InChI=1S/C6H5ClO/c7-5-1-3-6(8)4-2-5/h1-4,8H",C6H5ClO,128.56,128.0028925,MOL_FILE,NVS_NR_bER-ESR1.sdf
OC1=CC(O)=C(C=C1)C(=O)C1=CC=C(O)C=C1O,"InChI=1S/C13H10O5/c14-7-1-3-9(11(16)5-7)13(18)10-4-2-8(15)6-12(10)17/h1-6,14-17H",WXNRYSGJLQFHBR-UHFFFAOYSA-N,DTXSID5041306,DSSTox_Substance_Id,DTXSID5041306,"2,2',4,4'-Tetrahydroxybenzophenone",131-55-5,WXNRYSGJLQFHBR-UHFFFAOYSA-N,"Bis(2,4-dihydroxyphenyl)methanone","InChI=1S/C13H10O5/c14-7-1-3-9(11(16)5-7)13(18)10-4-2-8(15)6-12(10)17/h1-6,14-17H",C13H10O5,246.218,246.052823422,MOL_FILE,NVS_NR_bER-ESR1.sdf
CCCCCCCCN1SC(Cl)=C(Cl)C1=O,"InChI=1S/C11H17Cl2NOS/c1-2-3-4-5-6-7-8-14-11(15)9(12)10(13)16-14/h2-8H2,1H3",PORQOHRXAJJKGK-UHFFFAOYSA-N,DTXSID5032315,DSSTox_Substance_Id,DTXSID5032315,"4,5-Dichloro-2-octyl-3(2H)-isothiazolone",64359-81-5,PORQOHRXAJJKGK-UHFFFAOYSA-N,"4,5-Dichloro-2-octyl-1,2-thiazol-3(2H)-one","InChI=1S/C11H17Cl2NOS/c1-2-3-4-5-6-7-8-14-11(15)9(12)10(13)16-14/h2-8H2,1H3",C11H17Cl2NOS,282.22,281.0407907,MOL_FILE,NVS_NR_bER-ESR1.sdf
[H]C1=CC(O)=CC2=C1C(=O)C(=CO2)C1=CC=C(O)C=C1,"InChI=1S/C15H10O4/c16-10-3-1-9(2-4-10)13-8-19-14-7-11(17)5-6-12(14)15(13)18/h1-8,16-17H",ZQSIJRDFPHDXIC-UHFFFAOYSA-N,DTXSID9022310,DSSTox_Substance_Id,DTXSID9022310,Daidzein,486-66-8,ZQSIJRDFPHDXIC-UHFFFAOYSA-N,7-Hydroxy-3-(4-hydroxyphenyl)-4H-1-benzopyran-4-one,"InChI=1S/C15H10O4/c16-10-3-1-9(2-4-10)13-8-19-14-7-11(17)5-6-12(14)15(13)18/h1-8,16-17H",C15H10O4,254.241,254.057908802,MOL_FILE,NVS_NR_bER-ESR1.sdf
OC1=CC=C(C(=O)C2=CC=CC=C2)C(O)=C1,"InChI=1S/C13H10O3/c14-10-6-7-11(12(15)8-10)13(16)9-4-2-1-3-5-9/h1-8,14-15H",ZXDDPOHVAMWLBH-UHFFFAOYSA-N,DTXSID8022406,DSSTox_Substance_Id,DTXSID8022406,"2,4-Dihydroxybenzophenone",131-56-6,ZXDDPOHVAMWLBH-UHFFFAOYSA-N,"(2,4-Dihydroxyphenyl)(phenyl)methanone","InChI=1S/C13H10O3/c14-10-6-7-11(12(15)8-10)13(16)9-4-2-1-3-5-9/h1-8,14-15H",C13H10O3,214.22,214.062994182,MOL_FILE,NVS_NR_bER-ESR1.sdf
OC1=CC=C(C=C1)C1(OC(=O)C2=C1C=CC=C2)C1=CC=C(O)C=C1,"InChI=1S/C20H14O4/c21-15-9-5-13(6-10-15)20(14-7-11-16(22)12-8-14)18-4-2-1-3-17(18)19(23)24-20/h1-12,21-22H",KJFMBFZCATUALV-UHFFFAOYSA-N,DTXSID0021125,DSSTox_Substance_Id,DTXSID0021125,Phenolphthalein,77-09-8,KJFMBFZCATUALV-UHFFFAOYSA-N,"3,3-Bis(4-hydroxyphenyl)-2-benzofuran-1(3H)-one","InChI=1S/C20H14O4/c21-15-9-5-13(6-10-15)20(14-7-11-16(22)12-8-14)18-4-2-1-3-17(18)19(23)24-20/h1-12,21-22H",C20H14O4,318.328,318.089208931,MOL_FILE,NVS_NR_bER-ESR1.sdf
N/A,,,DTXSID1027891,DSSTox_Substance_Id,DTXSID1027891,Calcium dodecylbenzene sulfonate,26264-06-2,N/A,N/A,N/A,N/A,N/A,N/A,MOL_FILE,NVS_NR_bER-ESR1.sdf
[Hg++].CC([O-])=O.CC([O-])=O,"InChI=1S/2C2H4O2.Hg/c2*1-2(3)4;/h2*1H3,(H,3,4);/q;;+2/p-2",BRMYZIKAHFEUFJ-UHFFFAOYSA-L,DTXSID4042123,DSSTox_Substance_Id,DTXSID4042123,Mercury(II) acetate,1600-27-7,BRMYZIKAHFEUFJ-UHFFFAOYSA-L,Mercury diacetate,"InChI=1S/2C2H4O2.Hg/c2*1-2(3)4;/h2*1H3,(H,3,4);/q;;+2/p-2",C4H6HgO4,318.68,319.997252,MOL_FILE,NVS_NR_bER-ESR1.sdf
CCCCOC(=O)C1=CC=C(O)C=C1,"InChI=1S/C11H14O3/c1-2-3-8-14-11(13)9-4-6-10(12)7-5-9/h4-7,12H,2-3,8H2,1H3",QFOHBWFCKVYLES-UHFFFAOYSA-N,DTXSID3020209,DSSTox_Substance_Id,DTXSID3020209,Butylparaben,94-26-8,QFOHBWFCKVYLES-UHFFFAOYSA-N,Butyl 4-hydroxybenzoate,"InChI=1S/C11H14O3/c1-2-3-8-14-11(13)9-4-6-10(12)7-5-9/h4-7,12H,2-3,8H2,1H3",C11H14O3,194.23,194.094294311,MOL_FILE,NVS_NR_bER-ESR1.sdf
OC1=CC=C(C=C1)C(C1=CC=C(O)C=C1)C(Cl)(Cl)Cl,"InChI=1S/C14H11Cl3O2/c15-14(16,17)13(9-1-5-11(18)6-2-9)10-3-7-12(19)8-4-10/h1-8,13,18-19H",IUGDILGOLSSKNE-UHFFFAOYSA-N,DTXSID8022325,DSSTox_Substance_Id,DTXSID8022325,"2,2-Bis(4-hydroxyphenyl)-1,1,1-trichloroethane",2971-36-0,IUGDILGOLSSKNE-UHFFFAOYSA-N,"4,4'-(2,2,2-Trichloroethane-1,1-diyl)diphenol","InChI=1S/C14H11Cl3O2/c15-14(16,17)13(9-1-5-11(18)6-2-9)10-3-7-12(19)8-4-10/h1-8,13,18-19H",C14H11Cl3O2,317.59,315.9824627,MOL_FILE,NVS_NR_bER-ESR1.sdf
OC1=C(CC=C)C=C(C=C1)S(=O)(=O)C1=CC(CC=C)=C(O)C=C1,"InChI=1S/C18H18O4S/c1-3-5-13-11-15(7-9-17(13)19)23(21,22)16-8-10-18(20)14(12-16)6-4-2/h3-4,7-12,19-20H,1-2,5-6H2",MTMKZABGIQJAEX-UHFFFAOYSA-N,DTXSID9047598,DSSTox_Substance_Id,DTXSID9047598,"4,4'-Sulfonylbis[2-(prop-2-en-1-yl)phenol]",41481-66-7,MTMKZABGIQJAEX-UHFFFAOYSA-N,"4,4'-Sulfonylbis[2-(prop-2-en-1-yl)phenol]","InChI=1S/C18H18O4S/c1-3-5-13-11-15(7-9-17(13)19)23(21,22)16-8-10-18(20)14(12-16)6-4-2/h3-4,7-12,19-20H,1-2,5-6H2",C18H18O4S,330.4,330.092580234,MOL_FILE,NVS_NR_bER-ESR1.sdf
[H][C@@]12CC[C@H](O)[C@@]1(C)C=CC1=C3CCC(=O)C=C3CC[C@@]21[H],"InChI=1S/C18H22O2/c1-18-9-8-14-13-5-3-12(19)10-11(13)2-4-15(14)16(18)6-7-17(18)20/h8-10,15-17,20H,2-7H2,1H3/t15-,16+,17+,18+/m1/s1",MEHHPFQKXOUFFV-OWSLCNJRSA-N,DTXSID0034192,DSSTox_Substance_Id,DTXSID0034192,17beta-Trenbolone,10161-33-8,MEHHPFQKXOUFFV-OWSLCNJRSA-N,"17beta-Hydroxyestra-4,9,11-trien-3-one","InChI=1S/C18H22O2/c1-18-9-8-14-13-5-3-12(19)10-11(13)2-4-15(14)16(18)6-7-17(18)20/h8-10,15-17,20H,2-7H2,1H3/t15-,16+,17+,18+/m1/s1",C18H22O2,270.372,270.161979948,MOL_FILE,NVS_NR_bER-ESR1.sdf
CC(C1=CC=C(O)C=C1)(C1=CC=C(O)C=C1)C1=CC=C(O)C=C1,"InChI=1S/C20H18O3/c1-20(14-2-8-17(21)9-3-14,15-4-10-18(22)11-5-15)16-6-12-19(23)13-7-16/h2-13,21-23H,1H3",BRPSWMCDEYMRPE-UHFFFAOYSA-N,DTXSID2037712,DSSTox_Substance_Id,DTXSID2037712,"4,4',4''-Ethane-1,1,1-triyltriphenol",27955-94-8,BRPSWMCDEYMRPE-UHFFFAOYSA-N,"4,4',4''-(Ethane-1,1,1-triyl)triphenol","InChI=1S/C20H18O3/c1-20(14-2-8-17(21)9-3-14,15-4-10-18(22)11-5-15)16-6-12-19(23)13-7-16/h2-13,21-23H,1H3",C20H18O3,306.361,306.12559444,MOL_FILE,NVS_NR_bER-ESR1.sdf
CC\C(=C(/C1=CC=CC=C1)C1=CC=C(OCCN(C)C)C=C1)C1=CC=CC=C1,"InChI=1S/C26H29NO/c1-4-25(21-11-7-5-8-12-21)26(22-13-9-6-10-14-22)23-15-17-24(18-16-23)28-20-19-27(2)3/h5-18H,4,19-20H2,1-3H3/b26-25-",NKANXQFJJICGDU-QPLCGJKRSA-N,DTXSID1034187,DSSTox_Substance_Id,DTXSID1034187,Tamoxifen,10540-29-1,NKANXQFJJICGDU-QPLCGJKRSA-N,"2-{4-[(1Z)-1,2-Diphenylbut-1-en-1-yl]phenoxy}-N,N-dimethylethan-1-amine","InChI=1S/C26H29NO/c1-4-25(21-11-7-5-8-12-21)26(22-13-9-6-10-14-22)23-15-17-24(18-16-23)28-20-19-27(2)3/h5-18H,4,19-20H2,1-3H3/b26-25-",C26H29NO,371.524,371.224914558,MOL_FILE,NVS_NR_bER-ESR1.sdf
CC(CC1=CC(O)=C(O)C=C1)C(C)CC1=CC=C(O)C(O)=C1,"InChI=1S/C18H22O4/c1-11(7-13-3-5-15(19)17(21)9-13)12(2)8-14-4-6-16(20)18(22)10-14/h3-6,9-12,19-22H,7-8H2,1-2H3",HCZKYJDFEPMADG-UHFFFAOYSA-N,DTXSID5022437,DSSTox_Substance_Id,DTXSID5022437,Nordihydroguaiaretic acid,500-38-9,HCZKYJDFEPMADG-UHFFFAOYSA-N,"4,4'-(2,3-Dimethylbutane-1,4-diyl)di(benzene-1,2-diol)","InChI=1/C18H22O4/c1-11(7-13-3-5-15(19)17(21)9-13)12(2)8-14-4-6-16(20)18(22)10-14/h3-6,9-12,19-22H,7-8H2,1-2H3",C18H22O4,302.37,302.151809188,MOL_FILE,NVS_NR_bER-ESR1.sdf
CCC(C)(C)C1CCC(O)CC1,"InChI=1S/C11H22O/c1-4-11(2,3)9-5-7-10(12)8-6-9/h9-10,12H,4-8H2,1-3H3",VDQZABQVXYELSI-UHFFFAOYSA-N,DTXSID9040716,DSSTox_Substance_Id,DTXSID9040716,4-(2-Methylbutan-2-yl)cyclohexanol,5349-51-9,VDQZABQVXYELSI-UHFFFAOYSA-N,4-(2-Methylbutan-2-yl)cyclohexan-1-ol,"InChI=1S/C11H22O/c1-4-11(2,3)9-5-7-10(12)8-6-9/h9-10,12H,4-8H2,1-3H3",C11H22O,170.296,170.167065328,MOL_FILE,NVS_NR_bER-ESR1.sdf
[H][C@@]12CC[C@@](O)(C#CC)[C@@]1(C)C[C@]([H])(C1=CC=C(C=C1)N(C)C)C1=C3CCC(=O)C=C3CC[C@@]21[H],"InChI=1S/C29H35NO2/c1-5-15-29(32)16-14-26-24-12-8-20-17-22(31)11-13-23(20)27(24)25(18-28(26,29)2)19-6-9-21(10-7-19)30(3)4/h6-7,9-10,17,24-26,32H,8,11-14,16,18H2,1-4H3/t24-,25+,26-,28-,29-/m0/s1",VKHAHZOOUSRJNA-GCNJZUOMSA-N,DTXSID5023322,DSSTox_Substance_Id,DTXSID5023322,Mifepristone,84371-65-3,VKHAHZOOUSRJNA-GCNJZUOMSA-N,"(1S,3aS,3bS,10R,11aS)-10-[4-(Dimethylamino)phenyl]-1-hydroxy-11a-methyl-1-(prop-1-yn-1-yl)-1,2,3,3a,3b,4,5,8,9,10,11,11a-dodecahydro-7H-cyclopenta[a]phenanthren-7-one","InChI=1S/C29H35NO2/c1-5-15-29(32)16-14-26-24-12-8-20-17-22(31)11-13-23(20)27(24)25(18-28(26,29)2)19-6-9-21(10-7-19)30(3)4/h6-7,9-10,17,24-26,32H,8,11-14,16,18H2,1-4H3/t24-,25+,26-,28-,29-/m0/s1",C29H35NO2,429.604,429.266779371,MOL_FILE,NVS_NR_bER-ESR1.sdf
[H][C@@]12CC[C@@](O)(C#C)[C@@]1(C)CC[C@]1([H])C3=C(CC[C@@]21[H])C=C(O)C=C3,"InChI=1S/C20H24O2/c1-3-20(22)11-9-18-17-6-4-13-12-14(21)5-7-15(13)16(17)8-10-19(18,20)2/h1,5,7,12,16-18,21-22H,4,6,8-11H2,2H3/t16-,17-,18+,19+,20+/m1/s1",BFPYWIDHMRZLRN-SLHNCBLASA-N,DTXSID5020576,DSSTox_Substance_Id,DTXSID5020576,17alpha-Ethinylestradiol,57-63-6,BFPYWIDHMRZLRN-SLHNCBLASA-N,"17alpha-19-Norpregna-1,3,5(10)-trien-20-yne-3,17-diol","InChI=1S/C20H24O2/c1-3-20(22)11-9-18-17-6-4-13-12-14(21)5-7-15(13)16(17)8-10-19(18,20)2/h1,5,7,12,16-18,21-22H,4,6,8-11H2,2H3/t16-,17-,18+,19+,20+/m1/s1",C20H24O2,296.41,296.177630013,MOL_FILE,NVS_NR_bER-ESR1.sdf
OC(=O)C1=C(C=CC=C1)C(C1=CC=C(O)C=C1)C1=CC=C(O)C=C1,"InChI=1S/C20H16O4/c21-15-9-5-13(6-10-15)19(14-7-11-16(22)12-8-14)17-3-1-2-4-18(17)20(23)24/h1-12,19,21-22H,(H,23,24)",FFFPYJTVNSSLBQ-UHFFFAOYSA-N,DTXSID5022439,DSSTox_Substance_Id,DTXSID5022439,Phenolphthalin,81-90-3,FFFPYJTVNSSLBQ-UHFFFAOYSA-N,2-[Bis(4-hydroxyphenyl)methyl]benzoic acid,"InChI=1S/C20H16O4/c21-15-9-5-13(6-10-15)19(14-7-11-16(22)12-8-14)17-3-1-2-4-18(17)20(23)24/h1-12,19,21-22H,(H,23,24)",C20H16O4,320.344,320.104858995,MOL_FILE,NVS_NR_bER-ESR1.sdf
CC1COC2=C(C=CC=C2)N1C(=O)C(Cl)Cl,"InChI=1S/C11H11Cl2NO2/c1-7-6-16-9-5-3-2-4-8(9)14(7)11(15)10(12)13/h2-5,7,10H,6H2,1H3",PFJJMJDEVDLPNE-UHFFFAOYSA-N,DTXSID3029572,DSSTox_Substance_Id,DTXSID3029572,Benoxacor,98730-04-2,PFJJMJDEVDLPNE-UHFFFAOYSA-N,"2,2-Dichloro-1-(3-methyl-2,3-dihydro-4H-1,4-benzoxazin-4-yl)ethan-1-one","InChI=1/C11H11Cl2NO2/c1-7-6-16-9-5-3-2-4-8(9)14(7)11(15)10(12)13/h2-5,7,10H,6H2,1H3",C11H11Cl2NO2,260.11,259.016684,MOL_FILE,NVS_NR_bER-ESR1.sdf
CCC(C)OC(=O)C1=CC=C(O)C=C1,"InChI=1S/C11H14O3/c1-3-8(2)14-11(13)9-4-6-10(12)7-5-9/h4-8,12H,3H2,1-2H3",ZUOTXZHOGPQFIU-UHFFFAOYSA-N,DTXSID5044607,DSSTox_Substance_Id,DTXSID5044607,sec-Butylparaben,17696-61-6,ZUOTXZHOGPQFIU-UHFFFAOYSA-N,Butan-2-yl 4-hydroxybenzoate,"InChI=1/C11H14O3/c1-3-8(2)14-11(13)9-4-6-10(12)7-5-9/h4-8,12H,3H2,1-2H3",C11H14O3,194.23,194.094294311,MOL_FILE,NVS_NR_bER-ESR1.sdf
Cl.OC1=CC=C(C=C1)C1=C(C(=O)C2=CC=C(OCCN3CCCCC3)C=C2)C2=CC=C(O)C=C2S1,"InChI=1S/C28H27NO4S.ClH/c30-21-8-4-20(5-9-21)28-26(24-13-10-22(31)18-25(24)34-28)27(32)19-6-11-23(12-7-19)33-17-16-29-14-2-1-3-15-29;/h4-13,18,30-31H,1-3,14-17H2;1H",BKXVVCILCIUCLG-UHFFFAOYSA-N,DTXSID1034181,DSSTox_Substance_Id,DTXSID1034181,Raloxifene hydrochloride,82640-04-8,BKXVVCILCIUCLG-UHFFFAOYSA-N,[6-Hydroxy-2-(4-hydroxyphenyl)-1-benzothiophen-3-yl]{4-[2-(piperidin-1-yl)ethoxy]phenyl}methanone--hydrogen chloride (1/1),"InChI=1S/C28H27NO4S.ClH/c30-21-8-4-20(5-9-21)28-26(24-13-10-22(31)18-25(24)34-28)27(32)19-6-11-23(12-7-19)33-17-16-29-14-2-1-3-15-29;/h4-13,18,30-31H,1-3,14-17H2;1H",C28H28ClNO4S,510.05,509.1427573,MOL_FILE,NVS_NR_bER-ESR1.sdf
OC1=CC=C(C=C1)C(=O)OCC1=CC=CC=C1,"InChI=1S/C14H12O3/c15-13-8-6-12(7-9-13)14(16)17-10-11-4-2-1-3-5-11/h1-9,15H,10H2",MOZDKDIOPSPTBH-UHFFFAOYSA-N,DTXSID9022526,DSSTox_Substance_Id,DTXSID9022526,Benzyl 4-hydroxybenzoate,94-18-8,MOZDKDIOPSPTBH-UHFFFAOYSA-N,Benzyl 4-hydroxybenzoate,"InChI=1S/C14H12O3/c15-13-8-6-12(7-9-13)14(16)17-10-11-4-2-1-3-5-11/h1-9,15H,10H2",C14H12O3,228.247,228.078644246,MOL_FILE,NVS_NR_bER-ESR1.sdf
OC1=CC=C(OC2=CC=CC=C2)C=C1,"InChI=1S/C12H10O2/c13-10-6-8-12(9-7-10)14-11-4-2-1-3-5-11/h1-9,13H",ZSBDGXGICLIJGD-UHFFFAOYSA-N,DTXSID2022127,DSSTox_Substance_Id,DTXSID2022127,4-Phenoxyphenol,831-82-3,ZSBDGXGICLIJGD-UHFFFAOYSA-N,4-Phenoxyphenol,"InChI=1S/C12H10O2/c13-10-6-8-12(9-7-10)14-11-4-2-1-3-5-11/h1-9,13H",C12H10O2,186.21,186.068079562,MOL_FILE,NVS_NR_bER-ESR1.sdf
CC(C)(C1=CC=CC=C1)C1=CC=C(O)C=C1,"InChI=1S/C15H16O/c1-15(2,12-6-4-3-5-7-12)13-8-10-14(16)11-9-13/h3-11,16H,1-2H3",QBDSZLJBMIMQRS-UHFFFAOYSA-N,DTXSID3022536,DSSTox_Substance_Id,DTXSID3022536,4-Cumylphenol,599-64-4,QBDSZLJBMIMQRS-UHFFFAOYSA-N,4-(2-Phenylpropan-2-yl)phenol,"InChI=1S/C15H16O/c1-15(2,12-6-4-3-5-7-12)13-8-10-14(16)11-9-13/h3-11,16H,1-2H3",C15H16O,212.292,212.120115135,MOL_FILE,NVS_NR_bER-ESR1.sdf
[Na+].[Na+].CC1=CC=C(C=C1)S(=O)(=O)OC1=CC=C(C=C1)N=NC1=C(C)C=C(C=C1)C1=CC=C(N=NC2=C(O)C=CC3=CC(=CC(=C23)S([O-])(=O)=O)S([O-])(=O)=O)C(C)=C1,"InChI=1S/C37H30N4O10S3.2Na/c1-22-4-13-30(14-5-22)54(49,50)51-29-11-9-28(10-12-29)38-39-32-15-6-25(18-23(32)2)26-7-16-33(24(3)19-26)40-41-37-34(42)17-8-27-20-31(52(43,44)45)21-35(36(27)37)53(46,47)48;;/h4-21,42H,1-3H3,(H,43,44,45)(H,46,47,48);;/q;2*+1/p-2",HNBQFKZSMFFZQY-UHFFFAOYSA-L,DTXSID8021224,DSSTox_Substance_Id,DTXSID8021224,C.I. Acid Red 114,6459-94-5,HNBQFKZSMFFZQY-UHFFFAOYSA-L,"Disodium 8-{[3,3'-dimethyl-4'-({4-[(4-methylbenzene-1-sulfonyl)oxy]phenyl}diazenyl)[1,1'-biphenyl]-4-yl]diazenyl}-7-hydroxynaphthalene-1,3-disulfonate","InChI=1S/C37H30N4O10S3.2Na/c1-22-4-13-30(14-5-22)54(49,50)51-29-11-9-28(10-12-29)38-39-32-15-6-25(18-23(32)2)26-7-16-33(24(3)19-26)40-41-37-34(42)17-8-27-20-31(52(43,44)45)21-35(36(27)37)53(46,47)48;;/h4-21,42H,1-3H3,(H,43,44,45)(H,46,47,48);;/q;2*+1/p-2",C37H28N4Na2O10S3,830.81,830.0762952,MOL_FILE,NVS_NR_bER-ESR1.sdf
OC(=O)CC(O)(CC(O)=O)C(O)=O.CC\C(=C(/C1=CC=CC=C1)C1=CC=C(OCCN(C)C)C=C1)C1=CC=CC=C1,"InChI=1S/C26H29NO.C6H8O7/c1-4-25(21-11-7-5-8-12-21)26(22-13-9-6-10-14-22)23-15-17-24(18-16-23)28-20-19-27(2)3;7-3(8)1-6(13,5(11)12)2-4(9)10/h5-18H,4,19-20H2,1-3H3;13H,1-2H2,(H,7,8)(H,9,10)(H,11,12)/b26-25-;",FQZYTYWMLGAPFJ-OQKDUQJOSA-N,DTXSID8021301,DSSTox_Substance_Id,DTXSID8021301,Tamoxifen citrate,54965-24-1,FQZYTYWMLGAPFJ-OQKDUQJOSA-N,"2-Hydroxypropane-1,2,3-tricarboxylic acid--2-{4-[(1Z)-1,2-diphenylbut-1-en-1-yl]phenoxy}-N,N-dimethylethan-1-amine (1/1)","InChI=1S/C26H29NO.C6H8O7/c1-4-25(21-11-7-5-8-12-21)26(22-13-9-6-10-14-22)23-15-17-24(18-16-23)28-20-19-27(2)3;7-3(8)1-6(13,5(11)12)2-4(9)10/h5-18H,4,19-20H2,1-3H3;13H,1-2H2,(H,7,8)(H,9,10)(H,11,12)/b26-25-;",C32H37NO8,563.647,563.251917155,MOL_FILE,NVS_NR_bER-ESR1.sdf
COC1=CC=C(C=C1)C1=COC2=C(C(O)=CC(O)=C2)C1=O,"InChI=1S/C16H12O5/c1-20-11-4-2-9(3-5-11)12-8-21-14-7-10(17)6-13(18)15(14)16(12)19/h2-8,17-18H,1H3",WUADCCWRTIWANL-UHFFFAOYSA-N,DTXSID1022394,DSSTox_Substance_Id,DTXSID1022394,Biochanin A,491-80-5,WUADCCWRTIWANL-UHFFFAOYSA-N,"5,7-Dihydroxy-3-(4-methoxyphenyl)-4H-1-benzopyran-4-one","InChI=1S/C16H12O5/c1-20-11-4-2-9(3-5-11)12-8-21-14-7-10(17)6-13(18)15(14)16(12)19/h2-8,17-18H,1H3",C16H12O5,284.267,284.068473486,MOL_FILE,NVS_NR_bER-ESR1.sdf
N/A,,,DTXSID7025219,DSSTox_Substance_Id,DTXSID7025219,Sodium dodecylbenzenesulfonate,25155-30-0,N/A,N/A,N/A,N/A,N/A,N/A,MOL_FILE,NVS_NR_bER-ESR1.sdf
CCC(C)(C)C1CCC(=O)CC1,"InChI=1S/C11H20O/c1-4-11(2,3)9-5-7-10(12)8-6-9/h9H,4-8H2,1-3H3",DCSKAMGZSIRJAQ-UHFFFAOYSA-N,DTXSID4047127,DSSTox_Substance_Id,DTXSID4047127,4-(tert-Pentyl)-cyclohexanone,16587-71-6,DCSKAMGZSIRJAQ-UHFFFAOYSA-N,4-(2-Methylbutan-2-yl)cyclohexan-1-one,"InChI=1S/C11H20O/c1-4-11(2,3)9-5-7-10(12)8-6-9/h9H,4-8H2,1-3H3",C11H20O,168.28,168.151415264,MOL_FILE,NVS_NR_bER-ESR1.sdf
CC(C)=CCCC(C)(OC(C)=O)C=C,"InChI=1S/C12H20O2/c1-6-12(5,14-11(4)13)9-7-8-10(2)3/h6,8H,1,7,9H2,2-5H3",UWKAYLJWKGQEPM-UHFFFAOYSA-N,DTXSID7026946,DSSTox_Substance_Id,DTXSID7026946,Linalyl acetate,115-95-7,UWKAYLJWKGQEPM-UHFFFAOYSA-N,"3,7-Dimethylocta-1,6-dien-3-yl acetate","InChI=1/C12H20O2/c1-6-12(5,14-11(4)13)9-7-8-10(2)3/h6,8H,1,7,9H2,2-5H3",C12H20O2,196.29,196.146329884,MOL_FILE,NVS_NR_bER-ESR1.sdf
C[C@]12CC[C@H]3[C@@H](CCC4=C3C=CC(O)=C4)[C@@H]1C[C@@H](O)[C@@H]2O,"InChI=1S/C18H24O3/c1-18-7-6-13-12-5-3-11(19)8-10(12)2-4-14(13)15(18)9-16(20)17(18)21/h3,5,8,13-17,19-21H,2,4,6-7,9H2,1H3/t13-,14-,15+,16-,17+,18+/m1/s1",PROQIPRRNZUXQM-ZXXIGWHRSA-N,DTXSID9022366,DSSTox_Substance_Id,DTXSID9022366,Estriol,50-27-1,PROQIPRRNZUXQM-ZXXIGWHRSA-N,"Estra-1,3,5(10)-triene-3,16alpha,17beta-triol","InChI=1S/C18H24O3/c1-18-7-6-13-12-5-3-11(19)8-10(12)2-4-14(13)15(18)9-16(20)17(18)21/h3,5,8,13-17,19-21H,2,4,6-7,9H2,1H3/t13-,14-,15+,16-,17+,18+/m1/s1",C18H24O3,288.387,288.172544633,MOL_FILE,NVS_NR_bER-ESR1.sdf
OC1=CC=C(NC2=CC=CC=C2)C=C1,"InChI=1S/C12H11NO/c14-12-8-6-11(7-9-12)13-10-4-2-1-3-5-10/h1-9,13-14H",JTTMYKSFKOOQLP-UHFFFAOYSA-N,DTXSID5037739,DSSTox_Substance_Id,DTXSID5037739,4-Anilinophenol,122-37-2,JTTMYKSFKOOQLP-UHFFFAOYSA-N,4-Anilinophenol,"InChI=1S/C12H11NO/c14-12-8-6-11(7-9-12)13-10-4-2-1-3-5-10/h1-9,13-14H",C12H11NO,185.226,185.084063978,MOL_FILE,NVS_NR_bER-ESR1.sdf
CC(C)(C)CC(C)(C)C1=CC=C(O)C=C1,"InChI=1S/C14H22O/c1-13(2,3)10-14(4,5)11-6-8-12(15)9-7-11/h6-9,15H,10H2,1-5H3",ISAVYTVYFVQUDY-UHFFFAOYSA-N,DTXSID9022360,DSSTox_Substance_Id,DTXSID9022360,"4-(1,1,3,3-Tetramethylbutyl)phenol",140-66-9,ISAVYTVYFVQUDY-UHFFFAOYSA-N,"4-(2,4,4-Trimethylpentan-2-yl)phenol","InChI=1S/C14H22O/c1-13(2,3)10-14(4,5)11-6-8-12(15)9-7-11/h6-9,15H,10H2,1-5H3",C14H22O,206.329,206.167065328,MOL_FILE,NVS_NR_bER-ESR1.sdf
OC(=O)CC(O)(CC(O)=O)C(O)=O.CCN(CC)CCOC1=CC=C(C=C1)C(=C(Cl)C1=CC=CC=C1)C1=CC=CC=C1,"InChI=1S/C26H28ClNO.C6H8O7/c1-3-28(4-2)19-20-29-24-17-15-22(16-18-24)25(21-11-7-5-8-12-21)26(27)23-13-9-6-10-14-23;7-3(8)1-6(13,5(11)12)2-4(9)10/h5-18H,3-4,19-20H2,1-2H3;13H,1-2H2,(H,7,8)(H,9,10)(H,11,12)",PYTMYKVIJXPNBD-UHFFFAOYSA-N,DTXSID8020337,DSSTox_Substance_Id,DTXSID8020337,Clomiphene citrate (1:1),50-41-9,PYTMYKVIJXPNBD-UHFFFAOYSA-N,"2-Hydroxypropane-1,2,3-tricarboxylic acid--2-[4-(2-chloro-1,2-diphenylethenyl)phenoxy]-N,N-diethylethan-1-amine (1/1)","InChI=1S/C26H28ClNO.C6H8O7/c1-3-28(4-2)19-20-29-24-17-15-22(16-18-24)25(21-11-7-5-8-12-21)26(27)23-13-9-6-10-14-23;7-3(8)1-6(13,5(11)12)2-4(9)10/h5-18H,3-4,19-20H2,1-2H3;13H,1-2H2,(H,7,8)(H,9,10)(H,11,12)",C32H36ClNO8,598.09,597.2129448,MOL_FILE,NVS_NR_bER-ESR1.sdf
[Cl-].CCCCCCCCCCCCCC[P+](CCCC)(CCCC)CCCC,"InChI=1S/C26H56P.ClH/c1-5-9-13-14-15-16-17-18-19-20-21-22-26-27(23-10-6-2,24-11-7-3)25-12-8-4;/h5-26H2,1-4H3;1H/q+1;/p-1",AKUNSPZHHSNFFX-UHFFFAOYSA-M,DTXSID9034997,DSSTox_Substance_Id,DTXSID9034997,Tributyltetradecylphosphonium chloride,81741-28-8,AKUNSPZHHSNFFX-UHFFFAOYSA-M,Tributyl(tetradecyl)phosphanium chloride,"InChI=1S/C26H56P.ClH/c1-5-9-13-14-15-16-17-18-19-20-21-22-26-27(23-10-6-2,24-11-7-3)25-12-8-4;/h5-26H2,1-4H3;1H/q+1;/p-1",C26H56ClP,435.16,434.3808165,MOL_FILE,NVS_NR_bER-ESR1.sdf
CC(C)(C)C1=CC=C(S)C=C1,"InChI=1S/C10H14S/c1-10(2,3)8-4-6-9(11)7-5-8/h4-7,11H,1-3H3",GNXBFFHXJDZGEK-UHFFFAOYSA-N,DTXSID9048196,DSSTox_Substance_Id,DTXSID9048196,4-tert-Butylbenzenethiol,2396-68-1,GNXBFFHXJDZGEK-UHFFFAOYSA-N,4-tert-Butylbenzene-1-thiol,"InChI=1S/C10H14S/c1-10(2,3)8-4-6-9(11)7-5-8/h4-7,11H,1-3H3",C10H14S,166.28,166.081621625,MOL_FILE,NVS_NR_bER-ESR1.sdf
CC(C)(C)OC(=O)C1=CC=C(O)C=C1,"InChI=1S/C11H14O3/c1-11(2,3)14-10(13)8-4-6-9(12)7-5-8/h4-7,12H,1-3H3",WHWMOMRHHQLBQQ-UHFFFAOYSA-N,DTXSID7044895,DSSTox_Substance_Id,DTXSID7044895,tert-Butyl 4-hydroxybenzoate,25804-49-3,WHWMOMRHHQLBQQ-UHFFFAOYSA-N,tert-Butyl 4-hydroxybenzoate,"InChI=1S/C11H14O3/c1-11(2,3)14-10(13)8-4-6-9(12)7-5-8/h4-7,12H,1-3H3",C11H14O3,194.23,194.094294311,MOL_FILE,NVS_NR_bER-ESR1.sdf
OC1=CC2=C(C=C1)C1(OC(=O)C3=C1C=CC=C3)C1=C(O2)C=C(O)C=C1,"InChI=1S/C20H12O5/c21-11-5-7-15-17(9-11)24-18-10-12(22)6-8-16(18)20(15)14-4-2-1-3-13(14)19(23)25-20/h1-10,21-22H",GNBHRKFJIUUOQI-UHFFFAOYSA-N,DTXSID0038887,DSSTox_Substance_Id,DTXSID0038887,Fluorescein,2321-07-5,GNBHRKFJIUUOQI-UHFFFAOYSA-N,"3',6'-Dihydroxy-3H-spiro[[2]benzofuran-1,9'-xanthen]-3-one","InChI=1S/C20H12O5/c21-11-5-7-15-17(9-11)24-18-10-12(22)6-8-16(18)20(15)14-4-2-1-3-13(14)19(23)25-20/h1-10,21-22H",C20H12O5,332.311,332.068473486,MOL_FILE,NVS_NR_bER-ESR1.sdf
OC1=CC=C(\C=C\C2=CC(O)=CC(O)=C2)C=C1,"InChI=1S/C14H12O3/c15-12-5-3-10(4-6-12)1-2-11-7-13(16)9-14(17)8-11/h1-9,15-17H/b2-1+",LUKBXSAWLPMMSZ-OWOJBTEDSA-N,DTXSID4031980,DSSTox_Substance_Id,DTXSID4031980,Resveratrol,501-36-0,LUKBXSAWLPMMSZ-OWOJBTEDSA-N,"5-[(E)-2-(4-Hydroxyphenyl)ethenyl]benzene-1,3-diol","InChI=1S/C14H12O3/c15-12-5-3-10(4-6-12)1-2-11-7-13(16)9-14(17)8-11/h1-9,15-17H/b2-1+",C14H12O3,228.247,228.078644246,MOL_FILE,NVS_NR_bER-ESR1.sdf
Cl.Cl.CC1=C(N)C=CC(=C1)C1=CC(C)=C(N)C=C1,"InChI=1S/C14H16N2.2ClH/c1-9-7-11(3-5-13(9)15)12-4-6-14(16)10(2)8-12;;/h3-8H,15-16H2,1-2H3;2*1H",LUKPNZHXJRJBAN-UHFFFAOYSA-N,DTXSID6020511,DSSTox_Substance_Id,DTXSID6020511,"3,3'-Dimethylbenzidine dihydrochloride",612-82-8,LUKPNZHXJRJBAN-UHFFFAOYSA-N,"3,3'-Dimethyl[1,1'-biphenyl]-4,4'-diamine--hydrogen chloride (1/2)","InChI=1S/C14H16N2.2ClH/c1-9-7-11(3-5-13(9)15)12-4-6-14(16)10(2)8-12;;/h3-8H,15-16H2,1-2H3;2*1H",C14H18Cl2N2,285.21,284.084704,MOL_FILE,NVS_NR_bER-ESR1.sdf
OC1=CC2=C(C=CC=C2)C=C1,"InChI=1S/C10H8O/c11-10-6-5-8-3-1-2-4-9(8)7-10/h1-7,11H",JWAZRIHNYRIHIV-UHFFFAOYSA-N,DTXSID5027061,DSSTox_Substance_Id,DTXSID5027061,2-Naphthalenol,135-19-3,JWAZRIHNYRIHIV-UHFFFAOYSA-N,Naphthalen-2-ol,"InChI=1S/C10H8O/c11-10-6-5-8-3-1-2-4-9(8)7-10/h1-7,11H",C10H8O,144.173,144.057514878,MOL_FILE,NVS_NR_bER-ESR1.sdf
O=C1C2=C(SC(C#N)=C(S2)C#N)C(=O)C2=C1C=CC=C2,InChI=1S/C14H4N2O2S2/c15-5-9-10(6-16)20-14-12(18)8-4-2-1-3-7(8)11(17)13(14)19-9/h1-4H,PYZSVQVRHDXQSL-UHFFFAOYSA-N,DTXSID8040270,DSSTox_Substance_Id,DTXSID8040270,Dithianon,3347-22-6,PYZSVQVRHDXQSL-UHFFFAOYSA-N,"5,10-Dioxo-5,10-dihydronaphtho[2,3-b][1,4]dithiine-2,3-dicarbonitrile",InChI=1S/C14H4N2O2S2/c15-5-9-10(6-16)20-14-12(18)8-4-2-1-3-7(8)11(17)13(14)19-9/h1-4H,C14H4N2O2S2,296.32,295.971419725,MOL_FILE,NVS_NR_bER-ESR1.sdf
OC(=O)CC(O)(CC(O)=O)C(O)=O.CN(C)CCOC1=CC=C(C=C1)C(=C(\CCCl)C1=CC=CC=C1)\C1=CC=CC=C1,"InChI=1S/C26H28ClNO.C6H8O7/c1-28(2)19-20-29-24-15-13-23(14-16-24)26(22-11-7-4-8-12-22)25(17-18-27)21-9-5-3-6-10-21;7-3(8)1-6(13,5(11)12)2-4(9)10/h3-16H,17-20H2,1-2H3;13H,1-2H2,(H,7,8)(H,9,10)(H,11,12)/b26-25-;",IWEQQRMGNVVKQW-OQKDUQJOSA-N,DTXSID2021367,DSSTox_Substance_Id,DTXSID2021367,Toremifene citrate,89778-27-8,IWEQQRMGNVVKQW-OQKDUQJOSA-N,"2-Hydroxypropane-1,2,3-tricarboxylic acid--2-{4-[(1Z)-4-chloro-1,2-diphenylbut-1-en-1-yl]phenoxy}-N,N-dimethylethan-1-amine (1/1)","InChI=1S/C26H28ClNO.C6H8O7/c1-28(2)19-20-29-24-15-13-23(14-16-24)26(22-11-7-4-8-12-22)25(17-18-27)21-9-5-3-6-10-21;7-3(8)1-6(13,5(11)12)2-4(9)10/h3-16H,17-20H2,1-2H3;13H,1-2H2,(H,7,8)(H,9,10)(H,11,12)/b26-25-;",C32H36ClNO8,598.09,597.2129448,MOL_FILE,NVS_NR_bER-ESR1.sdf
CC(C)C1=CC=CC(C(C)C)=C1N1C(=O)C2=C(C=C(O)C=C2)C1=O,"InChI=1S/C20H21NO3/c1-11(2)14-6-5-7-15(12(3)4)18(14)21-19(23)16-9-8-13(22)10-17(16)20(21)24/h5-12,22H,1-4H3",LAKWINYVWJPHQW-UHFFFAOYSA-N,DTXSID1046970,DSSTox_Substance_Id,DTXSID1046970,"2-(2,6-Diisopropylphenyl)-5-hydroxy-1H-isoindole-1,3-dione",105624-86-0,LAKWINYVWJPHQW-UHFFFAOYSA-N,"2-[2,6-Di(propan-2-yl)phenyl]-5-hydroxy-1H-isoindole-1,3(2H)-dione","InChI=1S/C20H21NO3/c1-11(2)14-6-5-7-15(12(3)4)18(14)21-19(23)16-9-8-13(22)10-17(16)20(21)24/h5-12,22H,1-4H3",C20H21NO3,323.392,323.15214354,MOL_FILE,NVS_NR_bER-ESR1.sdf
CC\C(=C(\CC)C1=CC=C(O)C=C1)C1=CC=C(O)C=C1,"InChI=1S/C18H20O2/c1-3-17(13-5-9-15(19)10-6-13)18(4-2)14-7-11-16(20)12-8-14/h5-12,19-20H,3-4H2,1-2H3/b18-17+",RGLYKWWBQGJZGM-ISLYRVAYSA-N,DTXSID3020465,DSSTox_Substance_Id,DTXSID3020465,Diethylstilbestrol,56-53-1,RGLYKWWBQGJZGM-ISLYRVAYSA-N,"4,4'-[(3E)-Hex-3-ene-3,4-diyl]diphenol","InChI=1S/C18H20O2/c1-3-17(13-5-9-15(19)10-6-13)18(4-2)14-7-11-16(20)12-8-14/h5-12,19-20H,3-4H2,1-2H3/b18-17+",C18H20O2,268.356,268.146329884,MOL_FILE,NVS_NR_bER-ESR1.sdf
OC[C@H]1O[C@@H]2O[C@@H]3[C@@H](CO)O[C@H](O[C@@H]4[C@@H](CO)O[C@H](O[C@@H]5[C@@H](CO)O[C@H](O[C@@H]6[C@@H](CO)O[C@H](O[C@@H]7[C@@H](CO)O[C@H](O[C@H]1[C@H](O)[C@H]2O)[C@H](O)[C@H]7O)[C@H](O)[C@H]6O)[C@H](O)[C@H]5O)[C@H](O)[C@H]4O)[C@H](O)[C@H]3O,"InChI=1S/C36H60O30/c37-1-7-25-13(43)19(49)31(55-7)62-26-8(2-38)57-33(21(51)15(26)45)64-28-10(4-40)59-35(23(53)17(28)47)66-30-12(6-42)60-36(24(54)18(30)48)65-29-11(5-41)58-34(22(52)16(29)46)63-27-9(3-39)56-32(61-25)20(50)14(27)44/h7-54H,1-6H2/t7-,8-,9-,10-,11-,12-,13-,14-,15-,16-,17-,18-,19-,20-,21-,22-,23-,24-,25-,26-,27-,28-,29-,30-,31-,32-,33-,34-,35-,36-/m1/s1",HFHDHCJBZVLPGP-RWMJIURBSA-N,DTXSID7030698,DSSTox_Substance_Id,DTXSID7030698,alpha-Cyclodextrin,10016-20-3,HFHDHCJBZVLPGP-RWMJIURBSA-N,"(1S,3R,5R,6S,8R,10R,11S,13R,15R,16S,18R,20R,21S,23R,25R,26S,28R,30R,31R,32R,33R,34R,35R,36R,37R,38R,39R,40R,41R,42R)-5,10,15,20,25,30-Hexakis(hydroxymethyl)-2,4,7,9,12,14,17,19,22,24,27,29-dodecaoxaheptacyclo[26.2.2.2~3,6~.2~8,11~.2~13,16~.2~18,21~.2~23,26~]dotetracontane-31,32,33,34,35,36,37,38,39,40,41,42-dodecol","InChI=1S/C36H60O30/c37-1-7-25-13(43)19(49)31(55-7)62-26-8(2-38)57-33(21(51)15(26)45)64-28-10(4-40)59-35(23(53)17(28)47)66-30-12(6-42)60-36(24(54)18(30)48)65-29-11(5-41)58-34(22(52)16(29)46)63-27-9(3-39)56-32(61-25)20(50)14(27)44/h7-54H,1-6H2/t7-,8-,9-,10-,11-,12-,13-,14-,15-,16-,17-,18-,19-,20-,21-,22-,23-,24-,25-,26-,27-,28-,29-,30-,31-,32-,33-,34-,35-,36-/m1/s1",C36H60O30,972.846,972.316940532,MOL_FILE,NVS_NR_bER-ESR1.sdf
[H][C@@]12CCC(=O)[C@@]1(C)CC[C@@]1([H])[C@@]2([H])CC=C2C[C@@H](O)CC[C@]12C,"InChI=1S/C19H28O2/c1-18-9-7-13(20)11-12(18)3-4-14-15-5-6-17(21)19(15,2)10-8-16(14)18/h3,13-16,20H,4-11H2,1-2H3/t13-,14-,15-,16-,18-,19-/m0/s1",FMGSKLZLMKYGDP-USOAJAOKSA-N,DTXSID4020379,DSSTox_Substance_Id,DTXSID4020379,Dehydroepiandrosterone,53-43-0,FMGSKLZLMKYGDP-USOAJAOKSA-N,3beta-Hydroxyandrost-5-en-17-one,"InChI=1S/C19H28O2/c1-18-9-7-13(20)11-12(18)3-4-14-15-5-6-17(21)19(15,2)10-8-16(14)18/h3,13-16,20H,4-11H2,1-2H3/t13-,14-,15-,16-,18-,19-/m0/s1",C19H28O2,288.431,288.208930142,MOL_FILE,NVS_NR_bER-ESR1.sdf
C[C@]12CC[C@H]3[C@@H](CCC4=CC(O)=CC=C34)[C@@H]1CC[C@@H]2OC(=O)CCC1CCCC1,"InChI=1S/C26H36O3/c1-26-15-14-21-20-10-8-19(27)16-18(20)7-9-22(21)23(26)11-12-24(26)29-25(28)13-6-17-4-2-3-5-17/h8,10,16-17,21-24,27H,2-7,9,11-15H2,1H3/t21-,22-,23+,24+,26+/m1/s1",UOACKFBJUYNSLK-XRKIENNPSA-N,DTXSID4022999,DSSTox_Substance_Id,DTXSID4022999,Estradiol cypionate,313-06-4,UOACKFBJUYNSLK-XRKIENNPSA-N,"3-Hydroxyestra-1(10),2,4-trien-17beta-yl 3-cyclopentylpropanoate","InChI=1S/C26H36O3/c1-26-15-14-21-20-10-8-19(27)16-18(20)7-9-22(21)23(26)11-12-24(26)29-25(28)13-6-17-4-2-3-5-17/h8,10,16-17,21-24,27H,2-7,9,11-15H2,1H3/t21-,22-,23+,24+,26+/m1/s1",C26H36O3,396.571,396.266445019,MOL_FILE,NVS_NR_bER-ESR1.sdf
CC1=CC(=C(C)C=C1O)C1(OS(=O)(=O)C2=C1C=CC=C2)C1=C(C)C=C(O)C(C)=C1,"InChI=1S/C23H22O5S/c1-13-11-20(24)15(3)9-18(13)23(19-10-16(4)21(25)12-14(19)2)17-7-5-6-8-22(17)29(26,27)28-23/h5-12,24-25H,1-4H3",MGUKYHHAGPFJMC-UHFFFAOYSA-N,DTXSID8026303,DSSTox_Substance_Id,DTXSID8026303,p-Xylenol blue,125-31-5,MGUKYHHAGPFJMC-UHFFFAOYSA-N,"3,3-Bis(4-hydroxy-2,5-dimethylphenyl)-2,1lambda~6~-benzoxathiole-1,1(3H)-dione","InChI=1S/C23H22O5S/c1-13-11-20(24)15(3)9-18(13)23(19-10-16(4)21(25)12-14(19)2)17-7-5-6-8-22(17)29(26,27)28-23/h5-12,24-25H,1-4H3",C23H22O5S,410.48,410.118794982,MOL_FILE,NVS_NR_bER-ESR1.sdf
C[C@H]1CCCC(=O)CCC\C=C\C2=C(C(O)=CC(O)=C2)C(=O)O1,"InChI=1S/C18H22O5/c1-12-6-5-9-14(19)8-4-2-3-7-13-10-15(20)11-16(21)17(13)18(22)23-12/h3,7,10-12,20-21H,2,4-6,8-9H2,1H3/b7-3+/t12-/m0/s1",MBMQEIFVQACCCH-QBODLPLBSA-N,DTXSID0021460,DSSTox_Substance_Id,DTXSID0021460,Zearalenone,17924-92-4,MBMQEIFVQACCCH-QBODLPLBSA-N,"(3S,11E)-14,16-Dihydroxy-3-methyl-3,4,5,6,9,10-hexahydro-1H-2-benzoxacyclotetradecine-1,7(8H)-dione","InChI=1S/C18H22O5/c1-12-6-5-9-14(19)8-4-2-3-7-13-10-15(20)11-16(21)17(13)18(22)23-12/h3,7,10-12,20-21H,2,4-6,8-9H2,1H3/b7-3+/t12-/m0/s1",C18H22O5,318.369,318.146723808,MOL_FILE,NVS_NR_bER-ESR1.sdf
OC1=CC=C(C=C1)S(=O)(=O)C1=CC=C(O)C=C1,"InChI=1S/C12H10O4S/c13-9-1-5-11(6-2-9)17(15,16)12-7-3-10(14)4-8-12/h1-8,13-14H",VPWNQTHUCYMVMZ-UHFFFAOYSA-N,DTXSID3022409,DSSTox_Substance_Id,DTXSID3022409,"4,4'-Sulfonyldiphenol",80-09-1,VPWNQTHUCYMVMZ-UHFFFAOYSA-N,"4,4'-Sulfonyldiphenol","InChI=1S/C12H10O4S/c13-9-1-5-11(6-2-9)17(15,16)12-7-3-10(14)4-8-12/h1-8,13-14H",C12H10O4S,250.27,250.029979976,MOL_FILE,NVS_NR_bER-ESR1.sdf
[H][C@@]12CC[C@H](O)[C@@]1(C)CC[C@]1([H])C3=CC=C(O)C=C3CC[C@@]21[H],"InChI=1S/C18H24O2/c1-18-9-8-14-13-5-3-12(19)10-11(13)2-4-15(14)16(18)6-7-17(18)20/h3,5,10,14-17,19-20H,2,4,6-9H2,1H3/t14-,15-,16+,17+,18+/m1/s1",VOXZDWNPVJITMN-ZBRFXRBCSA-N,DTXSID0020573,DSSTox_Substance_Id,DTXSID0020573,17beta-Estradiol,50-28-2,VOXZDWNPVJITMN-ZBRFXRBCSA-N,"Estra-1(10),2,4-triene-3,17beta-diol","InChI=1S/C18H24O2/c1-18-9-8-14-13-5-3-12(19)10-11(13)2-4-15(14)16(18)6-7-17(18)20/h3,5,10,14-17,19-20H,2,4,6-9H2,1H3/t14-,15-,16+,17+,18+/m1/s1",C18H24O2,272.388,272.177630013,MOL_FILE,NVS_NR_bER-ESR1.sdf
OC1=CC=C(C=C1)C(=O)C1=CC=C(O)C=C1O,"InChI=1S/C13H10O4/c14-9-3-1-8(2-4-9)13(17)11-6-5-10(15)7-12(11)16/h1-7,14-16H",OKJFKPFBSPZTAH-UHFFFAOYSA-N,DTXSID8044836,DSSTox_Substance_Id,DTXSID8044836,"2,4,4'-Trihydroxybenzophenone",1470-79-7,OKJFKPFBSPZTAH-UHFFFAOYSA-N,"(2,4-Dihydroxyphenyl)(4-hydroxyphenyl)methanone","InChI=1S/C13H10O4/c14-9-3-1-8(2-4-9)13(17)11-6-5-10(15)7-12(11)16/h1-7,14-16H",C13H10O4,230.219,230.057908802,MOL_FILE,NVS_NR_bER-ESR1.sdf
[H][C@@]12CC[C@@](O)(C#C)[C@@]1(C)CC[C@]1([H])[C@@]3([H])CCC(=O)C=C3CC[C@@]21[H],"InChI=1S/C20H26O2/c1-3-20(22)11-9-18-17-6-4-13-12-14(21)5-7-15(13)16(17)8-10-19(18,20)2/h1,12,15-18,22H,4-11H2,2H3/t15-,16+,17+,18-,19-,20-/m0/s1",VIKNJXKGJWUCNN-XGXHKTLJSA-N,DTXSID9023380,DSSTox_Substance_Id,DTXSID9023380,Norethindrone,68-22-4,VIKNJXKGJWUCNN-XGXHKTLJSA-N,17-Hydroxy-17alpha-19-norpregn-4-en-20-yn-3-one,"InChI=1S/C20H26O2/c1-3-20(22)11-9-18-17-6-4-13-12-14(21)5-7-15(13)16(17)8-10-19(18,20)2/h1,12,15-18,22H,4-11H2,2H3/t15-,16+,17+,18-,19-,20-/m0/s1",C20H26O2,298.426,298.193280077,MOL_FILE,NVS_NR_bER-ESR1.sdf
OC1=C(CC2=CC=CC=C2)C=C(Cl)C=C1,"InChI=1S/C13H11ClO/c14-12-6-7-13(15)11(9-12)8-10-4-2-1-3-5-10/h1-7,9,15H,8H2",NCKMMSIFQUPKCK-UHFFFAOYSA-N,DTXSID5020154,DSSTox_Substance_Id,DTXSID5020154,Clorophene,120-32-1,NCKMMSIFQUPKCK-UHFFFAOYSA-N,2-Benzyl-4-chlorophenol,"InChI=1S/C13H11ClO/c14-12-6-7-13(15)11(9-12)8-10-4-2-1-3-5-10/h1-7,9,15H,8H2",C13H11ClO,218.68,218.0498427,MOL_FILE,NVS_NR_bER-ESR1.sdf
COC1=CC2=C(C=C1)[C@H]1CC[C@@]3(C)[C@@H](CC[C@@]3(O)C#C)[C@@H]1CC2,"InChI=1S/C21H26O2/c1-4-21(22)12-10-19-18-7-5-14-13-15(23-3)6-8-16(14)17(18)9-11-20(19,21)2/h1,6,8,13,17-19,22H,5,7,9-12H2,2-3H3/t17-,18-,19+,20+,21+/m1/s1",IMSSROKUHAOUJS-MJCUULBUSA-N,DTXSID0020814,DSSTox_Substance_Id,DTXSID0020814,Mestranol,72-33-3,IMSSROKUHAOUJS-MJCUULBUSA-N,"3-Methoxy-17alpha-19-norpregna-1,3,5(10)-trien-20-yn-17-ol","InChI=1S/C21H26O2/c1-4-21(22)12-10-19-18-7-5-14-13-15(23-3)6-8-16(14)17(18)9-11-20(19,21)2/h1,6,8,13,17-19,22H,5,7,9-12H2,2-3H3/t17-,18-,19+,20+,21+/m1/s1",C21H26O2,310.437,310.193280077,MOL_FILE,NVS_NR_bER-ESR1.sdf
CCCCCCOC(=O)C1=CC=C(O)C=C1,"InChI=1S/C13H18O3/c1-2-3-4-5-10-16-13(15)11-6-8-12(14)9-7-11/h6-9,14H,2-5,10H2,1H3",ULULAZKOCFNOIM-UHFFFAOYSA-N,DTXSID1044514,DSSTox_Substance_Id,DTXSID1044514,Hexylparaben,1083-27-8,ULULAZKOCFNOIM-UHFFFAOYSA-N,Hexyl 4-hydroxybenzoate,"InChI=1S/C13H18O3/c1-2-3-4-5-10-16-13(15)11-6-8-12(14)9-7-11/h6-9,14H,2-5,10H2,1H3",C13H18O3,222.284,222.12559444,MOL_FILE,NVS_NR_bER-ESR1.sdf
CC(CCC(O)=O)(C1=CC=C(O)C=C1)C1=CC=C(O)C=C1,"InChI=1S/C17H18O4/c1-17(11-10-16(20)21,12-2-6-14(18)7-3-12)13-4-8-15(19)9-5-13/h2-9,18-19H,10-11H2,1H3,(H,20,21)",VKOUCJUTMGHNOR-UHFFFAOYSA-N,DTXSID0022436,DSSTox_Substance_Id,DTXSID0022436,"4,4-Bis(4-hydroxyphenyl)valeric acid",126-00-1,VKOUCJUTMGHNOR-UHFFFAOYSA-N,"4,4-Bis(4-hydroxyphenyl)pentanoic acid","InChI=1S/C17H18O4/c1-17(11-10-16(20)21,12-2-6-14(18)7-3-12)13-4-8-15(19)9-5-13/h2-9,18-19H,10-11H2,1H3,(H,20,21)",C17H18O4,286.327,286.12050906,MOL_FILE,NVS_NR_bER-ESR1.sdf
CN(C)N=O,InChI=1S/C2H6N2O/c1-4(2)3-5/h1-2H3,UMFJAHHVKNCGLG-UHFFFAOYSA-N,DTXSID7021029,DSSTox_Substance_Id,DTXSID7021029,N-Nitrosodimethylamine,62-75-9,UMFJAHHVKNCGLG-UHFFFAOYSA-N,"N,N-Dimethylnitrous amide",InChI=1S/C2H6N2O/c1-4(2)3-5/h1-2H3,C2H6N2O,74.083,74.048012821,MOL_FILE,NVS_NR_bER-ESR1.sdf
CCCC1=CC(=O)NC(=S)N1,"InChI=1S/C7H10N2OS/c1-2-3-5-4-6(10)9-7(11)8-5/h4H,2-3H2,1H3,(H2,8,9,10,11)",KNAHARQHSZJURB-UHFFFAOYSA-N,DTXSID5021209,DSSTox_Substance_Id,DTXSID5021209,6-Propyl-2-thiouracil,51-52-5,KNAHARQHSZJURB-UHFFFAOYSA-N,"6-Propyl-2-sulfanylidene-2,3-dihydropyrimidin-4(1H)-one","InChI=1S/C7H10N2OS/c1-2-3-5-4-6(10)9-7(11)8-5/h4H,2-3H2,1H3,(H2,8,9,10,11)",C7H10N2OS,170.23,170.051384124,MOL_FILE,NVS_NR_bER-ESR1.sdf
COCC(C)O,"InChI=1S/C4H10O2/c1-4(5)3-6-2/h4-5H,3H2,1-2H3",ARXJGSRGQADJSQ-UHFFFAOYSA-N,DTXSID8024284,DSSTox_Substance_Id,DTXSID8024284,1-Methoxy-2-propanol,107-98-2,ARXJGSRGQADJSQ-UHFFFAOYSA-N,1-Methoxypropan-2-ol,"InChI=1/C4H10O2/c1-4(5)3-6-2/h4-5H,3H2,1-2H3",C4H10O2,90.122,90.068079562,MOL_FILE,NVS_NR_bER-ESR1.sdf
OC1=CC=C(C=C1)C(C1=CC=C(O)C=C1)(C(F)(F)F)C(F)(F)F,"InChI=1S/C15H10F6O2/c16-14(17,18)13(15(19,20)21,9-1-5-11(22)6-2-9)10-3-7-12(23)8-4-10/h1-8,22-23H",ZFVMWEVVKGLCIJ-UHFFFAOYSA-N,DTXSID7037717,DSSTox_Substance_Id,DTXSID7037717,Bisphenol AF,1478-61-1,ZFVMWEVVKGLCIJ-UHFFFAOYSA-N,"4,4'-(1,1,1,3,3,3-Hexafluoropropane-2,2-diyl)diphenol","InChI=1S/C15H10F6O2/c16-14(17,18)13(15(19,20)21,9-1-5-11(22)6-2-9)10-3-7-12(23)8-4-10/h1-8,22-23H",C15H10F6O2,336.233,336.05849854,MOL_FILE,NVS_NR_bER-ESR1.sdf
C[C@]12CC[C@H]3C(=CCC4=C3C=CC(O)=C4)[C@@H]1CCC2=O,"InChI=1S/C18H20O2/c1-18-9-8-14-13-5-3-12(19)10-11(13)2-4-15(14)16(18)6-7-17(18)20/h3-5,10,14,16,19H,2,6-9H2,1H3/t14-,16+,18+/m1/s1",WKRLQDKEXYKHJB-HFTRVMKXSA-N,DTXSID7047433,DSSTox_Substance_Id,DTXSID7047433,Equilin,474-86-2,WKRLQDKEXYKHJB-HFTRVMKXSA-N,"3-Hydroxyestra-1,3,5(10),7-tetraen-17-one","InChI=1S/C18H20O2/c1-18-9-8-14-13-5-3-12(19)10-11(13)2-4-15(14)16(18)6-7-17(18)20/h3-5,10,14,16,19H,2,6-9H2,1H3/t14-,16+,18+/m1/s1",C18H20O2,268.356,268.146329884,MOL_FILE,NVS_NR_bER-ESR1.sdf
